crime_density,population_density,road_density,visibility_score,label
0.3745401188473625,0.6981617140197451,0.1851329288386196,0.519081785136218,1
0.9507143064099162,0.5360963663441204,0.5419009473783581,0.4791818776297309,2
0.7319939418114051,0.3095276162863277,0.8729458358764083,0.0256420658064356,2
0.5986584841970366,0.8137950197069487,0.7322248864095612,0.3412478276261563,1
0.1560186404424365,0.6847311725538793,0.8065611478614497,0.380195618785857,0
0.1559945203362026,0.1626169393448913,0.6587833667107174,0.3988227808969005,0
0.0580836121681994,0.9109271844938424,0.6922765645178525,0.5801723692273323,0
0.8661761457749352,0.822537242923169,0.8491956515653193,0.5336025467268785,2
0.6011150117432088,0.949799913291924,0.2496680088591859,0.6079050927934446,1
0.7080725777960455,0.72571950838836,0.4894249636431405,0.7648832615421283,2
0.0205844942958024,0.6134151959357899,0.2212094418196022,0.8129857387160935,0
0.9699098521619944,0.4182430362906189,0.987668007996647,0.7181230762264944,2
0.8324426408004217,0.9327284833540131,0.9440593396866132,0.9555236959549348,2
0.2123391106782761,0.8660638895004084,0.0394268113685059,0.0182325826763616,0
0.1818249672071006,0.0452186701061894,0.7055751725156885,0.1957779856835461,0
0.1834045098534338,0.026366974497252,0.9252483174156658,0.0075628749781421,0
0.3042422429595377,0.3764633668780496,0.1805753451273335,0.647474714154603,1
0.5247564316322378,0.8105533307818329,0.5679452305526295,0.8980305489499869,1
0.4319450186421157,0.9872761293149444,0.9154882975880418,0.2434822965762992,1
0.2912291401980419,0.1504168911035281,0.0339459785857988,0.9270345447963066,0
0.6118528947223795,0.5941307153521351,0.6974202672468399,0.0602673902895608,1
0.1394938606520418,0.3808908566310215,0.2973490073725507,0.9344360268055144,0
0.2921446485352181,0.9699143978146032,0.9243961953765304,0.3516226872396344,0
0.3663618432936917,0.8421189231357087,0.9710582451653678,0.1014208284492165,1
0.4560699842170359,0.8383287047111379,0.944266489113434,0.4858717591863256,1
0.7851759613930136,0.4686931597949703,0.4742142166574637,0.2567765677205079,2
0.1996737821583597,0.4148195023376652,0.8620426509893134,0.2848729019619228,0
0.5142344384136116,0.2734070719307062,0.8445493985350704,0.3072899649262866,1
0.5924145688620425,0.0563754966509271,0.3191004732432556,0.8030258978326634,1
0.0464504127199977,0.8647223762550532,0.8289154741506773,0.5391612766752545,0
0.6075448519014384,0.8129010091300776,0.0370076347154926,0.3113076991560036,1
0.1705241236872915,0.9997176732861306,0.596269878482053,0.6103337833109184,0
0.0650515929852795,0.9966368370739054,0.230008837287703,0.7161506742231936,0
0.9488855372533332,0.5554317056026274,0.1205668857772788,0.2726240007335337,2
0.9656320330745594,0.7689874151805105,0.0769532016292091,0.4135491015253515,2
0.8083973481164611,0.944765729882428,0.6962887758781398,0.1218860933369475,2
0.3046137691733707,0.8496473906774115,0.3398749637680661,0.1811493495346803,1
0.0976721140063838,0.2473481017431976,0.7247667715287615,0.6811178539649828,0
0.6842330265121569,0.4505441353100935,0.0653563407989423,0.1814383476956269,1
0.4401524937396013,0.1291594151514949,0.3152903378306103,0.5251633836670602,1
0.1220382348447788,0.9540510272587224,0.5394912923753372,0.7090462617224327,0
0.4951769101112702,0.60617463445088,0.7907231648389635,0.1068769230947438,1
0.0343885211152183,0.2286428055034627,0.3187525029320699,0.5673122196289035,0
0.909320402078782,0.6717006844058567,0.6258913764370091,0.2565627837013637,2
0.2587799816000169,0.6181282404578958,0.8859777482361871,0.9629268752375798,0
0.662522284353982,0.3581627180328405,0.6158631881823046,0.4835456467199247,1
0.3117110760894109,0.113557592199629,0.2329594747536337,0.8059925497751581,1
0.5200680211778108,0.6715731955927996,0.024400781556538,0.5502265421562618,1
0.5467102793432796,0.5203077009037933,0.8700988739009299,0.0434125328548191,1
0.184854455525527,0.7723183917356393,0.0212694108503871,0.6331513755940223,0
0.9695846277645586,0.5201635011119934,0.8747016726841994,0.951403342206657,2
0.7751328233611146,0.8521815003185401,0.528937134027212,0.6016118201463312,2
0.9394989415641892,0.5519068387744855,0.9390676985128962,0.8191888594267902,2
0.8948273504276488,0.5609379715353863,0.7987832357736654,0.8842064633484078,2
0.5978999788110851,0.876653602658345,0.9979341105333376,0.2280797719489324,1
0.9218742350231168,0.403482866212397,0.3507118154517101,0.2120448399082266,2
0.0884925020519195,0.1340152284506407,0.7671882889311269,0.6109809888509917,0
0.1959828624191452,0.0287826763133389,0.4019309136092421,0.4110284698067047,0
0.045227288910538,0.755137255673619,0.4798756203039088,0.8398613028667203,0
0.3253303307632643,0.6203095513534647,0.6275054632183701,0.9000231233980112,1
0.388677289689482,0.7040797680992236,0.8736771141863388,0.3534213793027181,1
0.2713490317738959,0.2129641615089107,0.9840834691992952,0.236870558974482,0
0.8287375091519293,0.1363714755867697,0.7682734138645182,0.7805255152438618,2
0.3567533266935893,0.0145446656678819,0.4177667821673337,0.2748060355481361,1
0.2809345096873807,0.350587558806597,0.4213570022770702,0.8226143185136784,0
0.5426960831582485,0.5899176868546331,0.7375823015888915,0.4237382536487628,1
0.1409242249747626,0.3922440450997323,0.2387771457683023,0.6675498992914705,0
0.8021969807540397,0.437474922023729,0.1104741131313946,0.0955353138346681,2
0.0745506436797708,0.9041586944937484,0.3546221576407765,0.623859324676573,0
0.9868869366005172,0.3482554670233003,0.2872389916540817,0.4517676787372291,2
0.7722447692966574,0.5139894891598108,0.2963081204559901,0.5866084631754741,2
0.1987156815341724,0.7836530127411431,0.2336077510499099,0.1680142077448634,0
0.0055221171236023,0.3965427823212701,0.0420931896363618,0.7368737449441821,0
0.8154614284548342,0.6220867002278735,0.0178739347334138,0.8627970775432285,2
0.7068573438476171,0.8623637087467452,0.9877223897360315,0.2167398000907756,2
0.7290071680409873,0.949520623657642,0.4277731337358623,0.0957145555201617,2
0.7712703466859457,0.1470734809290379,0.3843266471596817,0.0236385860463363,2
0.0740446517340903,0.9265876251614944,0.6796472826930698,0.641971500443266,0
0.3584657285442726,0.4921162930795382,0.2182538878650641,0.6070940360887808,1
0.1158690595251297,0.2582443882989583,0.9499611839502252,0.54669741271407,0
0.8631034258755935,0.4591357562382613,0.786345014415552,0.2319470961159754,2
0.6232981268275579,0.980032575285477,0.0894110023122595,0.3909059959055146,1
0.3308980248526492,0.4926180939928696,0.4175807757849283,0.594476335186173,1
0.0635583502860236,0.3287516102875082,0.8791183075621647,0.4967668588591694,0
0.3109823217156622,0.6334008543167258,0.9447320222914104,0.9877855202148872,1
0.325183322026747,0.240145618778193,0.4674015112498697,0.1364397525567331,1
0.7296061783380641,0.0758633281086639,0.6134113892107077,0.6951445540475938,2
0.6375574713552131,0.1288797219106492,0.1670339460920752,0.4043187681042921,1
0.8872127425763265,0.1280458389577724,0.9911686261369764,0.4281996149256147,2
0.4722149251619493,0.1519026935122943,0.2316717013834434,0.7175977656581762,1
0.1195942459383017,0.1388271726494101,0.9427317741351257,0.6924361513243696,0
0.713244787222995,0.6408747448032146,0.6496466489923685,0.9912559937021884,2
0.7607850486168974,0.1818800843991448,0.6077367948788591,0.1283942894541252,2
0.5612771975694962,0.3456672833238632,0.5126885110165086,0.1041096493841663,1
0.770967179954561,0.8967884099060118,0.2306698117177587,0.7243388171287412,2
0.4937955963643907,0.4739616402628723,0.1765280320055082,0.5783869170064091,1
0.5227328293819941,0.6675577385210272,0.2204862090701753,0.2741606665598058,1
0.4275410183585496,0.1723198712016298,0.1864382621442545,0.0794193689889866,1
0.0254191267440951,0.1922890188086707,0.7795844735667533,0.0856582495964305,0
0.1078914269933044,0.0408686162664788,0.3501252591667301,0.8941908746641183,0
0.0314291856867342,0.1689350630721645,0.0578426765633963,0.1918673247187429,0
0.6364104112637804,0.2785903390319586,0.9691026301408112,0.3233715621155207,1
0.3143559810763267,0.1770104842767468,0.8837858849634257,0.226656402226988,1
0.5085706911647028,0.0887025337570556,0.927752283195213,0.3549963058319373,1
0.907566473926093,0.1206358711006008,0.9949078226464352,0.0694238427460933,2
0.2492922291488749,0.4607787680327257,0.1738952492194873,0.5190597909082704,0
0.4103829230356297,0.2063337184057925,0.3962420189026587,0.0676125635922149,1
0.7555511385430487,0.3642698610480754,0.7582384757040913,0.8003565078223616,2
0.2287981654916224,0.5034172708548569,0.6960206180537922,0.233712081910433,0
0.0769799098287929,0.6903948286293653,0.153895906339855,0.5400119146045106,0
0.289751452913768,0.0393121398410989,0.8158331249906178,0.8800790875614583,0
0.1612212872540044,0.7994103989090426,0.2244405718366606,0.6508773690471942,0
0.9296976523425732,0.6279003894909078,0.223817614822623,0.5329577865513353,2
0.808120379564417,0.0817590319488719,0.5369744228934136,0.3243337531153756,2
0.6334037565104235,0.8735786241067772,0.5929399348417032,0.3330019130581979,1
0.8714605901877177,0.9208724005318132,0.5800862078378112,0.6694869551981901,2
0.8036720768991145,0.0610779598548637,0.0914868373977548,0.9941393612211676,2
0.1865700588860358,0.2768776481472037,0.8774608626303804,0.6618391898493786,0
0.8925589984899778,0.8062012797930613,0.265600042588706,0.5577834173700249,2
0.5393422419156507,0.7482596903836584,0.1295149212828041,0.7306505102392461,1
0.8074401551640625,0.1845210193563773,0.8887480798689772,0.4652056122837181,2
0.8960912999234932,0.2093493233367103,0.9556514982297534,0.0601423426007852,2
0.3180034749718639,0.370472102791382,0.8621276172654506,0.5622968158779098,1
0.1100519245276767,0.4845229851910213,0.8095160747248781,0.9576252845053802,0
0.2279351625419416,0.618254771530296,0.6552419806390217,0.1753029423576596,0
0.4271077886262563,0.3689136395697724,0.5508573706091393,0.6900048908206657,1
0.8180147659224931,0.4625347161331479,0.0869867599114101,0.2009336886590564,2
0.8607305832563434,0.7474709381337565,0.4084532130706987,0.5358276844730813,2
0.0069521305311907,0.0366832028905979,0.372688517012314,0.0966764496467196,0
0.5107473025775657,0.2524369443440207,0.2597537837603262,0.4503709362581851,1
0.417411003148779,0.7133495858845524,0.7234201136885849,0.7561633288952461,1
0.2221078104707302,0.8952068376871993,0.4958757350787708,0.3475715242389821,0
0.1198653673336828,0.5116774421156661,0.0810462159076479,0.664911724487218,0
0.3376151714036279,0.5321134852653157,0.2201832019498113,0.7954499607897292,1
0.9429097039125192,0.107172011339776,0.6832587636595959,0.9271778194794528,2
0.3232029320207552,0.4474123668234546,0.0761308594903001,0.2346420818554535,1
0.5187906217433661,0.5326172664550232,0.8512069140487687,0.3993159158093081,1
0.7030189588951778,0.2424705036347296,0.4951465270139743,0.1524160133304174,2
0.363629602379294,0.2692432309493809,0.480586577326648,0.9924835021583752,1
0.9717820827209608,0.3772841631046226,0.5924077846595176,0.9270009679242952,2
0.9624472949421112,0.0200711977777263,0.8246809659251492,0.5399571302805596,2
0.2517822958253641,0.3220791655831783,0.347809207902193,0.8420332943764213,0
0.4972485058923854,0.2114480069965446,0.6780161525590636,0.5209579772720422,1
0.3008783098167696,0.3274973521779146,0.5657319639957911,0.6235856880027597,1
0.2848404943774676,0.1197621318192512,0.2670282701694213,0.0891244321160166,0
0.0368869473545327,0.890527280739895,0.878629986355158,0.7552704204968079,0
0.6095643339798968,0.5935924535540487,0.7974260216069281,0.1277134836352348,1
0.5026790232288615,0.6791023191444896,0.6584518346584255,0.8260676302525284,1
0.0514787512499893,0.7891712386073383,0.8505817290942419,0.7820280876703859,0
0.2786464642366114,0.4984421989290573,0.8672942009598024,0.7087446977429764,0
0.9082658859666536,0.0869202880874236,0.7083629767150348,0.0361603805247621,2
0.2395618906669724,0.5371065418185478,0.837013328363672,0.3031283559453286,0
0.1448948720912231,0.5868411180208791,0.6974714616692836,0.2631125699108428,0
0.489452760277563,0.74543947418433,0.6801407717603004,0.3601364074715191,1
0.9856504541106008,0.4316595462296794,0.6186113782151843,0.0876427467638385,2
0.2420552715115004,0.1275803027955637,0.7527166395576412,0.9369578230310628,0
0.6721355474058786,0.2837759057987244,0.1586051052930737,0.5538022407123763,1
0.7616196153287176,0.3630822963986351,0.8808707591989284,0.3055243106580235,2
0.2376375439923996,0.6459172413316012,0.871843527745232,0.3969815170742834,0
0.7282163486118596,0.5707783046689119,0.0292472830345591,0.4472025405048356,2
0.3677831327192532,0.3560967258978462,0.8258167505647627,0.6005943333606173,1
0.6323058305935795,0.9865152487929796,0.1288698674734452,0.5156794276964978,1
0.6335297107608947,0.6057748193568872,0.3351188542591419,0.9193919732144172,1
0.5357746840747585,0.2372267917359944,0.7435082562916078,0.4969634829058302,1
0.0902897700544083,0.1017824726204037,0.1607598960483082,0.9921580148233128,0
0.835302495589238,0.152859139184332,0.8179670241190622,0.8514249577450957,2
0.3207800649717358,0.2459577283845081,0.8321341779577419,0.2085105143573358,1
0.1865185103998542,0.1606813732595556,0.5074677337608362,0.9305952146439164,0
0.0407751415547639,0.1865670240513057,0.0063858717168335,0.116366397885476,0
0.5908929431882418,0.2850951686938471,0.2870381331749128,0.8174497084911916,1
0.6775643618422824,0.1733735952947548,0.6169269183757422,0.3806232934765801,1
0.0165878289278561,0.8967654246264252,0.9811861780274236,0.8779743204450695,0
0.512093058299281,0.0802337456616422,0.6318135270166684,0.8680566901074503,1
0.2264957751979379,0.5245113895702547,0.2598035810641598,0.8059254001176211,0
0.6451727904094499,0.4103968269896615,0.6340057030996114,0.7900304363070614,1
0.1743664290049914,0.9823786169086064,0.5399853797158555,0.3046791390980408,0
0.690937738102466,0.1120389021680523,0.7798453951511436,0.0809192830512521,1
0.3867353463005374,0.3978555990457416,0.1069806388269584,0.4029801787651614,1
0.9367299887367344,0.9694704332753687,0.761027902502028,0.1735245149865086,2
0.1375209441459932,0.8655071258939803,0.5412665786761103,0.6949510889024617,0
0.3410663510502585,0.8170720709492799,0.9629920038589946,0.3460997265377855,1
0.113473521240589,0.2579028270449398,0.3418721660386861,0.9756102008599148,0
0.9246936182785628,0.1708875873900658,0.6326218931339481,0.640972077345332,2
0.877339353380981,0.668643219924431,0.9320281055100176,0.822480563634361,2
0.2579416277151556,0.9293759891275858,0.1025097279906792,0.1325246727418484,0
0.659984046034179,0.5567628930139298,0.9372284872364512,0.8620144822726226,1
0.8172222002012158,0.5716126894698998,0.6878857223008134,0.9227571905133944,2
0.5552008115994623,0.2799790936602842,0.0678370591051719,0.4870619188189359,1
0.5296505783560065,0.7694929331919369,0.3009635669468162,0.6062529377509774,1
0.2418522909004516,0.1870437485575233,0.7081720886452816,0.7648098009029954,0
0.0931027678058992,0.3236792364042437,0.0673506014687717,0.1748386272604125,0
0.8972157579533268,0.4254364386164168,0.5821704601762733,0.5025660764634424,2
0.9004180571633305,0.507610378684455,0.3458830569529567,0.3986630277723131,2
0.6331014572732679,0.2424097324150802,0.6209155177674771,0.1463739921622491,1
0.3390297910487007,0.1148368247392035,0.0457420338125128,0.3675344222915314,1
0.3492095746126609,0.6106200424416326,0.8715368061523763,0.0681723093854935,1
0.7259556788702394,0.2886305532402557,0.9734889691773968,0.0258119069494869,2
0.8971102599525771,0.5812382214226123,0.9688778552856916,0.1351662891548227,2
0.8870864242651173,0.1543627152742023,0.7496518317429247,0.9631151115891738,2
0.7798755458576239,0.4811401018548175,0.1300862401306319,0.549529535895017,2
0.6420316461542878,0.5325894325515859,0.7582631959290226,0.96582216115322,1
0.0841399649950488,0.0518235368224269,0.0245869164588015,0.432497878330132,0
0.1616287140946137,0.3366042781939206,0.0221235515289972,0.3118161330852596,0
0.8985541885270792,0.1344146769389742,0.3236102191495412,0.5061418628402441,2
0.6064290596595899,0.0633749704727677,0.4886431904046657,0.4395116886329101,1
0.0091970516166296,0.9899602323899452,0.7704074178077932,0.1056646842617439,0
0.1014715428660321,0.3223538449747229,0.6832953766065052,0.6408263146902062,0
0.6635017691080558,0.8098744458546349,0.4459027063767483,0.2160381825095996,1
0.0050615838462186,0.2546406547637638,0.2736266662816659,0.6195879548978296,0
0.1608080514174986,0.6815027222239293,0.9971245001577111,0.6502010923981534,0
0.5487337893665861,0.7602278598896866,0.4261813022359729,0.1520248531286481,1
0.6918951976926933,0.5956387406078443,0.4513870243296755,0.0613496271106681,1
0.6519612595026005,0.4715761885501583,0.1636238211916691,0.7807615860684398,1
0.2242693094605597,0.4118409141472685,0.7948095487499294,0.4598004237693202,0
0.7121792213475359,0.3488682665429953,0.6936822257814886,0.0581637955054757,2
0.2372490874968,0.9295291442478258,0.2207696127887604,0.9948663171697671,0
0.3253996981592677,0.8306194077877291,0.0823810456158427,0.0577805609963666,1
0.7464914051180241,0.9650269106665126,0.6804993020747131,0.6950352288585532,2
0.6496328990472147,0.1242972234855447,0.6545112142811352,0.9836789252634136,1
0.8492234104941779,0.7308674752036443,0.2732595269982093,0.2391801042159256,2
0.6576128923003434,0.9383404568210378,0.9508635622504104,0.1422493686871961,1
0.5683086033354716,0.1812330661656601,0.1510578917809002,0.1213849394224289,1
0.0936747678280924,0.0664962673667775,0.4323348010426019,0.3032751475675955,0
0.3677158030594335,0.741120649290059,0.9436159201675988,0.1010458110106466,1
0.2652023676817254,0.5744731131799119,0.4197273169261223,0.6921613416941319,0
0.2439896433790835,0.8418287767582721,0.6385259476640855,0.0622917981300626,0
0.9730105547524456,0.1397723766262895,0.3975943979627943,0.5094221281497897,2
0.3930977246667604,0.7952673118598902,0.27421520234867,0.9966968538529768,1
0.8920465551771133,0.2016273200477445,0.9839776479598282,0.8139702695060188,2
0.6311386259972629,0.1636559428657045,0.409334006315043,0.6152194382310109,1
0.7948113035416484,0.1642657979309929,0.8940992036791344,0.3062536207866116,2
0.5026370931051921,0.8145747202313821,0.2299546058910861,0.6238958362916385,1
0.5769038846263591,0.6651972206962001,0.2131047040250833,0.5270414639116516,1
0.4925176938188639,0.5230654247691193,0.0311340828845113,0.4260833838903715,1
0.1952429877980445,0.3588304841235025,0.651666825375885,0.1307103767401994,0
0.7224521152615053,0.8772005408131083,0.3685263437237611,0.8866042152404667,2
0.2807723624408558,0.3924451074226354,0.864358249839637,0.4497846488213225,0
0.0243159664314538,0.8165994394715771,0.4732099066915571,0.194622511820765,0
0.6454722959071678,0.4391349085702184,0.9681934279147216,0.3677593508772896,1
0.1771106794070489,0.3769444294249076,0.1855255157031211,0.414129752528927,0
0.9404585843529144,0.4626797856696064,0.8686231679556108,0.8275378955668743,2
0.9539285770025874,0.3013778741641421,0.7765968527917417,0.733614380561402,2
0.9148643902204484,0.7476093801762511,0.770921844644052,0.7693048936413398,2
0.3701587002554444,0.5027203900924792,0.8447832281168877,0.0110312644286472,1
0.0154566165288674,0.2322126951468173,0.7610239909429989,0.4161539981797615,0
0.9283185625877254,0.8995745732745685,0.6262203216314154,0.4813441516353236,2
0.4281841483173143,0.3838912213732114,0.1312448776823875,0.0191922768230566,1
0.9666548190436696,0.5435528611139886,0.0325261794912519,0.2598132087450342,2
0.9636199770892528,0.9064721109645468,0.9208478478156868,0.760289823122135,2
0.8530094554673601,0.6242379959139921,0.616650314520738,0.137109705728999,2
0.2944488920695857,0.116898040708364,0.7965372909761763,0.5353101314525917,0
0.3850977286019252,0.9398321236134752,0.4815223515125501,0.2152018720172375,1
0.8511366715168569,0.6277080530714179,0.1173081889623944,0.0121207746438932,2
0.3169220051562776,0.3349056146570861,0.1251857922025504,0.2412014575995414,1
0.1694927466860925,0.1392720726633872,0.6855652872289714,0.9758737549100538,0
0.5568012624583502,0.794025189270296,0.4303058948994627,0.8015371118829896,1
0.936154774160781,0.6200727559285135,0.2005247267003367,0.9595766443210334,2
0.696029796674973,0.5334610919763215,0.4915945467414369,0.4878540439263624,1
0.570061170089365,0.8938925830509576,0.064208937075134,0.1097361986775035,1
0.0971764937707685,0.7885972112245307,0.5819714019143988,0.547959488973693,0
0.6150072266991697,0.1516748797327511,0.2689934044350976,0.4543773345599609,1
0.9900538501042632,0.3117220677955482,0.7975591006371882,0.844357082739616,2
0.140084015236524,0.2484891398144657,0.3103619589235737,0.0980825807842445,0
0.5183296523637367,0.743946292572677,0.4552201490818012,0.4882411370217782,1
0.8773730719279554,0.0335324347357793,0.0116205399081006,0.1500486646939842,2
0.7407686177542044,0.5698896848713165,0.0724468877945588,0.32467592689006,2
0.697015740995268,0.7624586857406905,0.3924935564066848,0.7373570773877997,1
0.7024840839871093,0.8767656367617495,0.4799388347171235,0.4760181293687665,2
0.3594911512197551,0.3420817487159074,0.6000205481193037,0.3758882851457693,1
0.2935918442644933,0.8212573046720129,0.2916625787093032,0.3944762785700353,0
0.8093611554785136,0.1106317369552072,0.6949818861265425,0.4594467684059866,2
0.8101133946791808,0.8464522917345182,0.8601223971892046,0.7850165438370569,2
0.8670723185801037,0.1274886623319824,0.7798509888933498,0.8920846889402344,2
0.9132405525564712,0.3972872905603672,0.0396188253483571,0.9553346865039284,2
0.5113423988609378,0.7972953657795536,0.4805069472578289,0.7869033862552951,1
0.5015162946871996,0.1499174273487737,0.1049301784181748,0.3154068957480127,1
0.7982951789667752,0.2292513952326414,0.2420450158625274,0.6881347060865421,2
0.6499639307777652,0.7222525683930663,0.9866625932671464,0.4376031240553919,1
0.7019668772577033,0.7200365365460744,0.1424955429015132,0.2546706220460512,2
0.795792669436101,0.6411476328852973,0.498888153451356,0.8408715794259226,2
0.8900053418175663,0.6939484444671,0.6181557343181191,0.0384263489623249,2
0.3379951568515358,0.5427244433475962,0.702464970544104,0.9017619921354236,1
0.375582952639944,0.2517990589069527,0.5596486834869141,0.4614774646247341,1
0.093981939840869,0.3456959935039194,0.0097708474191836,0.6372014768082804,0
0.578280140996174,0.1815977168014256,0.3264613082439919,0.6593539222057827,1
0.035942273796742,0.9084505613336284,0.5177116433847114,0.8951177407065364,0
0.4655980181324601,0.5833917947661205,0.0878664991448333,0.6366696821672073,1
0.5426446347075766,0.4008514167636399,0.3506269312091807,0.6139335847600618,1
0.2865412521282844,0.4620058036441327,0.0332031087913665,0.0666520405606899,0
0.5908332605690108,0.9472833396118152,0.0785784971550207,0.5184080219452041,1
0.0305002499390494,0.1533514031160802,0.396923276201596,0.1501690008170416,0
0.0373481887492144,0.5862298320167972,0.1327157540430603,0.7374337687214856,0
0.8226005606596583,0.505888678884466,0.5675408482615582,0.5122219208126745,2
0.3601906414112629,0.6114542354346478,0.6894649691372657,0.6802277792083533,1
0.1270605126518847,0.0181101838208405,0.8005866991090829,0.0416729006023842,0
0.5222432600548044,0.8721239089441515,0.2001502442448101,0.0847920160458032,1
0.7699935530986108,0.9321182824836124,0.1674825822590697,0.7163233880626823,2
0.2158210274968431,0.5651331835892089,0.1045678403344002,0.0720843359986733,0
0.6228904758190003,0.6966508238768923,0.6364302495436367,0.0712567277652586,1
0.085347464993768,0.9224993811772956,0.7064757264869012,0.0121084752348874,0
0.0516817211686077,0.7072386343133986,0.031586144825642,0.95650139829948,0
0.531354631568148,0.1525390429142613,0.9362122462436898,0.737508359459007,1
0.5406351216101065,0.5762883601668132,0.0519712836514724,0.3532514085020641,1
0.6374299014982066,0.6067150463828559,0.5412963353010705,0.2965355812876552,1
0.7260913337226615,0.424130671302386,0.7090605194509164,0.3497032297458495,2
0.9758520794625346,0.7364442356247228,0.8709691237460856,0.7746535311811819,2
0.5163003483011953,0.9343670147690148,0.7140869321324278,0.6613706110704144,1
0.3229564729412459,0.9255685129067764,0.8017280830697918,0.1851955678674679,1
0.7951861947687037,0.4508393714041321,0.339450192542806,0.1741093353340843,2
0.2708322512620742,0.1132380458407552,0.8148251137465122,0.0983956497133973,0
0.4389714207056361,0.9848411989623346,0.0801148463846751,0.6603027197013381,1
0.0784563813422659,0.8388980864459341,0.8948166560605276,0.7643726622217359,0
0.0253507434154575,0.1246626812032668,0.5475923761537362,0.265046428325004,0
0.9626484146779252,0.9208418826173724,0.8172977699624937,0.0209449610309128,2
0.8359801205122058,0.8698963620621283,0.4523182845183001,0.0821716674764273,2
0.695974206093698,0.5188380571260721,0.643577695196525,0.9678600348450304,1
0.4089529444142699,0.5912754357449292,0.5264026609361132,0.2954447774774202,1
0.1732943200708457,0.3990027038701302,0.7315895217553319,0.7692231478381336,0
0.156437042671086,0.0547616388220313,0.0816299820305895,0.6246635688542638,0
0.2502428981645953,0.3351972416459009,0.0603520839905638,0.3819396396528959,0
0.5492266647061205,0.8028534485980114,0.2471032340101464,0.2056872621955551,1
0.7145959227000623,0.0046320230046028,0.1595446801131883,0.1213864181594064,2
0.6601973767177313,0.3334991716911442,0.8717835665922017,0.6150129680388666,1
0.2799338969459428,0.3981686935909433,0.2192139873580443,0.774633780637788,0
0.954865280663194,0.5373956029379229,0.9758652558191312,0.6439042535411307,2
0.7378969166957685,0.9198556164127604,0.3368957917711068,0.5303021332491583,2
0.5543540525114007,0.3463459943659612,0.1821179156886992,0.0419512234316362,1
0.6117207462343522,0.3469532018962277,0.7896985071424791,0.9684887775943838,1
0.4196000624277899,0.7375012481097484,0.6587077755008761,0.7987141916545746,1
0.2477309895011574,0.4522179408898071,0.498195716453139,0.2928220367009647,0
0.3559726786512616,0.2246048229399819,0.5553635509376312,0.9799703293588506,1
0.7578461104643691,0.4524395161326934,0.7192017782722638,0.6018815896363221,2
0.0143934886297558,0.1408570203797998,0.2284547413312987,0.5824226582072465,0
0.1160726405069162,0.1763869865062233,0.996333916056742,0.7480731794295321,0
0.0460026420217527,0.4983677727394797,0.9747931621467832,0.8117697880901376,0
0.0407288023189701,0.4189254495045479,0.6503256863469369,0.6564786073315027,0
0.8554605840110072,0.9148459010681,0.1995424509291451,0.1280957463662,2
0.7036578593800237,0.3623938991166331,0.6802282424312913,0.3382675059944984,2
0.4741738290873252,0.5805883502780435,0.0721984089791758,0.9280836403260496,1
0.0978341606510014,0.6322642879195304,0.030652502205806,0.2246156118438519,0
0.4916158751168323,0.0130944565883336,0.2576828885112137,0.3721670238375133,1
0.4734717707805657,0.6635373720167106,0.4626229567393163,0.432076882944196,1
0.1732018699100151,0.1780359668697514,0.8682725054083805,0.4394049896944522,0
0.433851649237973,0.9610703174694551,0.727169069766308,0.6129395824945255,1
0.3985047343973734,0.1486627277531129,0.742706521199981,0.9430758377447076,1
0.6158500980522165,0.4146241237270237,0.4254933344480753,0.2406927118325049,1
0.6350936508676438,0.0853496680786438,0.3459349925469629,0.121501376300918,1
0.0453040097720445,0.9968742518459474,0.3710387629846027,0.1974704898599373,0
0.3746126146264712,0.5021950103312426,0.9876495637360578,0.8869249002092695,1
0.6258599157142364,0.5953850173200438,0.0401091914124824,0.645810812655206,1
0.5031362585800877,0.0670764773884274,0.8670314961224486,0.2859067892391601,1
0.8564898411883223,0.7499604703991778,0.5786754085723934,0.8159469389686173,2
0.658693631618945,0.2099055930955857,0.4386154191895904,0.861369996363436,1
0.1629344270814297,0.8980542894407137,0.7252576604151365,0.846514338690278,0
0.0705687474004298,0.2051396404820071,0.4866689414247028,0.9189265336395545,0
0.6424192782063156,0.1906877206636665,0.8734232380816606,0.2522410201733616,1
0.0265113105416218,0.0365496678480948,0.9007018640112585,0.7550419287462783,0
0.5857755812734633,0.4720669451099992,0.4217209268734554,0.46053949727414,1
0.9402302414249576,0.5648411332626164,0.2768277972350516,0.8419985528900615,2
0.575474177875879,0.0657086394283523,0.5923503285933622,0.7284906771616132,1
0.3881699262065219,0.7755276166950106,0.912363345616691,0.7764474464997246,1
0.6432882184423532,0.4532888347480276,0.2106621890056665,0.6561618376810715,1
0.4582528904915166,0.52439026932758,0.6229665835634828,0.1774287694697068,1
0.5456167893159349,0.4407627469382281,0.6315602200925206,0.5450269188969383,1
0.9414648087765252,0.400763060875326,0.733113022415281,0.9846697395245082,2
0.3861026378007742,0.5596403313082179,0.1315676851272598,0.9373880664971188,1
0.9611905638239142,0.1552402459307125,0.7158249646820886,0.0431737357970116,2
0.9053506419560636,0.1819281304952711,0.909032520665641,0.1648148157294371,2
0.1957911347892964,0.8617856210135173,0.1796831088702419,0.1317287734545619,0
0.0693613008751654,0.9461154621336328,0.2375433249238776,0.7259799099852955,0
0.1007780013774266,0.3733093162797529,0.9713950940416396,0.8177853298569451,0
0.0182218256515497,0.2707446731435537,0.1809769527094897,0.2135113663106719,0
0.0944429607559284,0.6439995432390158,0.8543850933695791,0.505852692951829,0
0.6830067734163568,0.4087341710980964,0.4922778564480348,0.8407030280112,1
0.0711886484602289,0.0253863556603448,0.247231074403177,0.7328015447662506,0
0.3189756302937613,0.1561525973661903,0.8707499012725114,0.5422372054918483,1
0.8448753109694546,0.7159722288473975,0.4453052550026655,0.5903476904587729,2
0.0232719357358258,0.6589239419101514,0.5148173539296902,0.50836054691628,0
0.8144684825889358,0.0270959925034834,0.3592333693997657,0.2975484513188206,2
0.2818547747733999,0.2219721619329494,0.5929508514349274,0.5650219928590161,0
0.1181648276216562,0.2310747965880714,0.1635238725850227,0.6888853020500907,0
0.6967371653641506,0.6718927435987284,0.3910815366517607,0.8733229158608077,1
0.628942846779884,0.0197105377543641,0.9694123223352876,0.6362913539792481,1
0.877472013527053,0.1041085819845738,0.2581334327011275,0.761121537043158,2
0.7350710438038858,0.7999160853731894,0.6567366645412922,0.160071634954573,2
0.8034809303848486,0.1785446620543336,0.3251900642246949,0.4615574744197899,2
0.2820345725713065,0.6527461078518747,0.7734731256866006,0.0093316198270932,0
0.1774395437797228,0.2381827810467265,0.1308736607183498,0.246678864521623,0
0.7506147516408583,0.0994413927593451,0.9698210450785448,0.7264617151130048,2
0.806834739267264,0.243172190999454,0.4537895413836392,0.9918099513493636,2
0.9905051420006732,0.7222669318556592,0.2360504633464639,0.0991780995872159,2
0.4126176769114265,0.8556964681062857,0.0734967473300126,0.4014943158612882,1
0.3720180857927831,0.8302198645669916,0.1697579050875407,0.8000709686991595,1
0.7764129607419968,0.3971835296184548,0.5197739485560177,0.2040356346288988,2
0.3408035402530178,0.6680851365706462,0.3370031764312863,0.5550849493022862,1
0.9307573256035648,0.2049842954158209,0.8288833658826095,0.7330712960296748,2
0.8584127518430118,0.2931477302610132,0.4308875236618059,0.615985450260179,2
0.4289940273750183,0.8963358185211198,0.2487142725876299,0.1880247346154161,1
0.7508710677914974,0.013001923510736,0.61714498660403,0.3553845686857394,2
0.7545428740846823,0.085508530854468,0.7067772168854458,0.7837917844853972,2
0.1031238688359326,0.2078862551460273,0.1670419079009498,0.5542265141320166,0
0.9025529066795668,0.0265322038738197,0.1676192162883176,0.0052296135429127,2
0.5052523724478571,0.1814354350897973,0.0366714269335429,0.7609907600280938,1
0.8264574661077416,0.5830415609696922,0.7364020150656405,0.035311354940239,2
0.3200496010306117,0.4214245505924979,0.6638045276218051,0.7457337827312321,1
0.8955232284962005,0.8926717110769748,0.4746308757498139,0.2024805601652374,2
0.3892016787341631,0.8174435617384409,0.8441704489691971,0.9580734801193802,1
0.0108376514802983,0.3418173516978759,0.8056701529500532,0.3679407513020845,0
0.9053819764192635,0.2594234334312925,0.5853543643967521,0.3269316163380791,2
0.0912866767861335,0.3796924081672669,0.8682712805132586,0.1488880503324446,0
0.3193136375904148,0.5902949425148077,0.2058412100367682,0.3056042154902149,1
0.9500619670508048,0.2680636408228762,0.1119196193977278,0.8766507618282006,2
0.950607146937556,0.624148907849134,0.2697496115169896,0.9963343376272472,2
0.5734378881232861,0.4094116521912404,0.0570868560893148,0.3683095305068483,1
0.6318372121697993,0.5520471808519802,0.531169528001032,0.4486106309545425,1
0.4484455219783197,0.4361265291353167,0.9366056922949616,0.722070938202737,1
0.2932107716980645,0.2944657595419176,0.0393435406685096,0.8861957804650745,0
0.3286645453699159,0.9484533069621568,0.1221099140100268,0.5930443341867842,1
0.6725184560770384,0.7636057941597608,0.4521990282834353,0.3915256981778293,1
0.75237452943768,0.1401131757664525,0.9338750175279048,0.4126218408486237,2
0.7915790437258485,0.8684679758979128,0.3161561049767505,0.6956181464968069,2
0.7896181427945539,0.4874311982495136,0.5072348086883924,0.0032182636042786,2
0.0912061030486903,0.8945522268940914,0.0415728590503921,0.6195893374598407,0
0.4944203047025814,0.7998552559473152,0.1483432009620888,0.3554930104413574,1
0.0575587600166442,0.4252135044692334,0.9866301229588468,0.7941973312770843,0
0.5495288823237355,0.0224693083201173,0.9651186964360456,0.0929906398231321,1
0.441530501373377,0.2686773593849461,0.0049399809344096,0.5882022669483905,1
0.8877041827582998,0.5416342146608669,0.951811785423239,0.4809728898861237,2
0.3509150125520787,0.6334782198261473,0.6391199378155004,0.6423255259052274,1
0.1170670164276058,0.2578876854332023,0.8679182945200221,0.0648535944829683,0
0.1429916820528358,0.1393560740728241,0.4547398556338591,0.5799837874281313,0
0.7615106317174722,0.8349302367992991,0.5155960285792502,0.5614845879595237,2
0.6182180633162611,0.984402180703552,0.4888465802569202,0.5606600944161709,1
0.1011226761227902,0.5256901823026858,0.6668642575461043,0.6034876665964548,0
0.0841068061149974,0.1716792858483035,0.1396512547563129,0.6764679372263622,0
0.70096913145912,0.2723073265193689,0.0299735898726779,0.8049889996807698,2
0.0727630063641935,0.0183906765474667,0.3079299415911909,0.2698207201282143,0
0.8218600592903562,0.914298806560499,0.7046807627366467,0.8250494101800621,2
0.7062422271564962,0.1177510828901411,0.2018534521229483,0.4982556822634536,2
0.0813487806418997,0.5765164755142536,0.6734324333249173,0.0770582791343311,0
0.0848377140851919,0.274055220687206,0.9699120461072704,0.0585509292439792,0
0.9866395785011756,0.5541780025157934,0.0939007157894183,0.3342383186960608,2
0.3742707957561203,0.6514203883518642,0.6726021182251263,0.7848969771114676,1
0.3706421470668909,0.8297418037072016,0.4437502193045711,0.7076809347409158,1
0.8127995672575026,0.2064212717606032,0.8681422543775054,0.7886149646724064,2
0.9472485773838588,0.0109958286584804,0.1771497894473859,0.5172690564416094,2
0.9860010638228708,0.1368856300688072,0.6926259522261645,0.4401989979554905,2
0.7533781852589416,0.9000186418481051,0.8381152896481102,0.1474525267062839,2
0.3762595855309157,0.8738900775625152,0.9446142194740232,0.3281927536093115,1
0.0835007166986687,0.5974131021703083,0.6832480282896458,0.4340193661738752,0
0.7771469159274368,0.6005168604336534,0.4971747640084273,0.0886004296796172,2
0.558404249735805,0.6650366745462555,0.6178472402012138,0.2206119527112112,1
0.4242220092469763,0.1753712786234496,0.8689049844787182,0.5982252940637388,1
0.906354385094736,0.9144119459249598,0.5706097466388297,0.7356631142391898,2
0.1111974823061513,0.4187705248920731,0.0303870596968368,0.9983475113929496,0
0.4926251042908591,0.3831385282494974,0.9309486955069778,0.9331133313435576,1
0.011353644767419,0.5189177052828375,0.6895267510315611,0.6425651995351915,0
0.4686606419941262,0.046965966775055,0.6765133857772465,0.421248053294072,1
0.0563032756818373,0.1662833687560794,0.2156751523977171,0.6361773647082327,0
0.1188179162680719,0.7380336164263704,0.6588854702326572,0.785651618080232,0
0.1175262467771048,0.0827986679251264,0.3938644056541585,0.1183361909233873,0
0.6492103021160636,0.6031521094663882,0.6512329770414921,0.4099048896962882,1
0.7460448792654233,0.2453491096813209,0.1065930303079907,0.8398022856356172,2
0.5833687650971596,0.3892956140419765,0.657845304603036,0.383832951933044,1
0.962172548474542,0.2886937367706998,0.9994137257706666,0.5718722712271865,2
0.374870579523704,0.3556727164649491,0.048212038860556,0.5877693608621982,1
0.2857120862818607,0.7190459051842455,0.9771741842213172,0.1844762531336393,0
0.8685991281894603,0.297121715623175,0.4069079607228706,0.3622354416522884,2
0.2235958385194526,0.5664046402968972,0.8707534503372591,0.3345112887419321,0
0.9632225394406112,0.4760504021990996,0.7823854840582735,0.0261967085320647,2
0.0121544746898163,0.6636711653626481,0.5670162609866678,0.0241917638913552,0
0.969878826707639,0.936829739324758,0.7384492092513265,0.8316970436757735,2
0.0431599119505761,0.7325720972102503,0.8785155613013479,0.2730708099728124,0
0.8911431136980711,0.2149403785907567,0.404140321651033,0.5180787662388154,2
0.5277011090862999,0.0311831350612846,0.3270331615632387,0.298725573588773,1
0.9929647961193004,0.2622640442998251,0.6675933855635847,0.9406792451153404,2
0.0737965647353988,0.5950779307002548,0.8078459419412586,0.2592967588657737,0
0.5538542844013208,0.0514258134842503,0.7622851347766157,0.4296568127389351,1
0.969302535619099,0.4963662472012363,0.7978136488586345,0.8727302504846018,2
0.5230978441701488,0.5968428489168892,0.435583314812933,0.8419335667918086,1
0.6293986381352625,0.3342438908169608,0.8178342161750216,0.1861014178462773,1
0.6957486889846172,0.7709122037458219,0.1202090553706084,0.8026433097957104,1
0.4545410647677732,0.1065982531337718,0.5444890979608495,0.4581868867378926,1
0.6275580800840634,0.0751377817358087,0.0057586604981215,0.4829688720853552,1
0.5843143119231002,0.7281887562036033,0.3245858299002703,0.1334799724159437,1
0.901158010490989,0.4954913162061984,0.3664615348713979,0.0806015137571246,2
0.0454463803414578,0.688402396427736,0.3961726916092554,0.7279393069737652,0
0.2809631895922303,0.4348273386037462,0.6954672066898622,0.4964611523552997,0
0.9504114840765588,0.2464020332391068,0.3885581012703457,0.4368507026151795,2
0.8902637838909163,0.8191023176741997,0.4486936226225306,0.7295082286523967,2
0.4556567527857129,0.7994158789689793,0.2375441308743274,0.7655128989911097,1
0.6201325978015367,0.6946964708544268,0.3732517916293401,0.1589081676693535,1
0.2773811829811327,0.2721451372299627,0.2272696272631514,0.6102251494776413,0
0.1881211597237613,0.5902306668690871,0.0731959237684436,0.1353540822776855,0
0.4636984049399821,0.3609738969400268,0.6034485933813779,0.7513750860290457,1
0.3533522280260528,0.0915820733266341,0.6682127985550163,0.6569551562671395,1
0.5836561118508721,0.9173135754622428,0.6194903460096145,0.956614621083458,1
0.0777346369649848,0.1368186309189614,0.4634940438005723,0.0689580163564211,0
0.9743948076661664,0.9502373538208024,0.3797857801792298,0.0570547211512543,2
0.9862107444796028,0.4460057729579557,0.8633336495718252,0.2821870746932001,2
